config,file,testname,timestamp
default,lib,macros::tests::c_enum_basic,00:00:00:00.280
default,lib,macros::tests::c_enum_multiple_set_value,00:00:00:00.280
default,lib,macros::tests::c_enum_repr,00:00:00:00.288
default,lib,macros::tests::c_enum_set_value,00:00:00:00.275
default,lib,macros::tests::c_enum_vis,00:00:00:00.295
default,lib,macros::tests::test_offset_of,00:00:00:00.279
miri,lib,macros::tests::c_enum_basic,00:00:00:53.403
miri,lib,macros::tests::c_enum_multiple_set_value,00:00:00:52.081
miri,lib,macros::tests::c_enum_repr,00:00:00:50.789
miri,lib,macros::tests::c_enum_set_value,00:00:00:54.000
miri,lib,macros::tests::c_enum_vis,00:00:00:53.401
miri,lib,macros::tests::test_offset_of,00:00:00:53.965
miri-tree,lib,macros::tests::c_enum_basic,00:00:00:56.340
miri-tree,lib,macros::tests::c_enum_multiple_set_value,00:00:00:56.418
miri-tree,lib,macros::tests::c_enum_repr,00:00:00:56.145
miri-tree,lib,macros::tests::c_enum_set_value,00:00:00:56.162
miri-tree,lib,macros::tests::c_enum_vis,00:00:00:56.975
miri-tree,lib,macros::tests::test_offset_of,00:00:00:56.929
